,IP_port,complete_max,complete_min,complete_mean,complete_mad,complete_std,complete_var,complete_skew,complete_kurt,complete_pkt_num,complete_10per,complete_20per,complete_30per,complete_40per,complete_50per,complete_60per,complete_70per,complete_80per,complete_90per,out_max,out_min,out_mean,out_mad,out_std,out_var,out_skew,out_kurt,out_pkt_num,out_10per,out_20per,out_30per,out_40per,out_50per,out_60per,out_70per,out_80per,out_90per,in_max,in_min,in_mean,in_mad,in_std,in_var,in_skew,in_kurt,in_pkt_num,in_10per,in_20per,in_30per,in_40per,in_50per,in_60per,in_70per,in_80per,in_90per,protocol,flows_num,flow_length_mean,flow_pkt_num_mean,flow_duration_mean,ip1,ip2,ip3,ip4,graph_id
0,"('10.8.0.6', 32798)",1398,52,109.31365313653137,0.0,229.44180714970494,52643.5428681224,4.916717288774678,23.343829246588044,52.0,52.0,52.0,52.0,52.0,56.0,64.0,72.0,80.0,11312,1398,40,1357.2097772277227,0.0,220.97336892388483,48829.229773571315,-5.4046742166462,27.68376307934439,1398.0,1398.0,1398.0,1398.0,1398.0,1398.0,1398.0,1398.0,1398.0,13751,1398,40,1135.8717911424624,0.0,526.0438016250292,276722.08122811315,-1.528372047150578,0.3588314567579918,52.0,1011.0,1398.0,1398.0,1398.0,1398.0,1398.0,1398.0,1398.0,473314.3333333333,2.121212121212121,1.2734485690576178,33,416.6969696969697,1,0.0392156862745098,0.03137254901960784,0.0,0.023529411764705882,0
