,IP_port,complete_max,complete_min,complete_mean,complete_mad,complete_std,complete_var,complete_skew,complete_kurt,complete_pkt_num,complete_10per,complete_20per,complete_30per,complete_40per,complete_50per,complete_60per,complete_70per,complete_80per,complete_90per,out_max,out_min,out_mean,out_mad,out_std,out_var,out_skew,out_kurt,out_pkt_num,out_10per,out_20per,out_30per,out_40per,out_50per,out_60per,out_70per,out_80per,out_90per,in_max,in_min,in_mean,in_mad,in_std,in_var,in_skew,in_kurt,in_pkt_num,in_10per,in_20per,in_30per,in_40per,in_50per,in_60per,in_70per,in_80per,in_90per,protocol,flows_num,flow_length_mean,flow_pkt_num_mean,flow_duration_mean,ip1,ip2,ip3,ip4,graph_id
0,"('172.217.168.234', 443)",40,40,40.0,0.0,0.0,0.0,0.0,-3.0,40.0,40.0,40.0,40.0,40.0,40.0,40.0,40.0,40.0,1,75,75,75.0,0.0,0.0,0.0,0.0,-3.0,75.0,75.0,75.0,75.0,75.0,75.0,75.0,75.0,75.0,2,75,40,57.5,25.945538823848032,17.5,306.25,0.0,-2.0,43.5,47.0,50.5,54.0,57.5,61.0,64.5,68.0,71.5,115.0,1.0,0.0,1,2.0,1,0.6745098039215687,0.8509803921568627,0.6588235294117647,0.9176470588235294,0
1,"('172.217.20.74', 443)",40,40,40.0,0.0,0.0,0.0,0.0,-3.0,40.0,40.0,40.0,40.0,40.0,40.0,40.0,40.0,40.0,2,75,52,63.5,17.049925512814422,11.5,132.25,0.0,-2.0,54.300000000000004,56.6,58.9,61.2,63.5,65.8,68.1,70.4,72.7,4,75,40,51.75,8.895613311033612,14.289419162443238,204.1875,0.7988791353124449,-1.0192477688929813,40.0,40.0,40.0,42.400000000000006,46.0,49.6,54.29999999999999,61.20000000000001,68.10000000000001,207.0,1.0,0.0,1,4.0,1,0.6745098039215687,0.8509803921568627,0.0784313725490196,0.2901960784313726,0
2,"('213.180.204.62', 443)",52,52,52.0,0.0,0.0,0.0,0.0,-3.0,52.0,52.0,52.0,52.0,52.0,52.0,52.0,52.0,52.0,4,52,52,52.0,0.0,0.0,0.0,0.0,-3.0,52.0,52.0,52.0,52.0,52.0,52.0,52.0,52.0,52.0,8,52,52,52.0,0.0,0.0,0.0,0.0,-3.0,52.0,52.0,52.0,52.0,52.0,52.0,52.0,52.0,52.0,104.0,1.75,0.4330127018922193,4,2.0,1,0.8352941176470589,0.7058823529411765,0.8,0.24313725490196078,0
3,"('87.250.255.11', 443)",52,52,52.0,0.0,0.0,0.0,0.0,-3.0,52.0,52.0,52.0,52.0,52.0,52.0,52.0,52.0,52.0,4,52,52,52.0,0.0,0.0,0.0,0.0,-3.0,52.0,52.0,52.0,52.0,52.0,52.0,52.0,52.0,52.0,8,52,52,52.0,0.0,0.0,0.0,0.0,-3.0,52.0,52.0,52.0,52.0,52.0,52.0,52.0,52.0,52.0,104.0,1.5,0.5,4,2.0,1,0.3411764705882353,0.9803921568627451,1.0,0.043137254901960784,0
