,IP_port,complete_max,complete_min,complete_mean,complete_mad,complete_std,complete_var,complete_skew,complete_kurt,complete_pkt_num,complete_10per,complete_20per,complete_30per,complete_40per,complete_50per,complete_60per,complete_70per,complete_80per,complete_90per,out_max,out_min,out_mean,out_mad,out_std,out_var,out_skew,out_kurt,out_pkt_num,out_10per,out_20per,out_30per,out_40per,out_50per,out_60per,out_70per,out_80per,out_90per,in_max,in_min,in_mean,in_mad,in_std,in_var,in_skew,in_kurt,in_pkt_num,in_10per,in_20per,in_30per,in_40per,in_50per,in_60per,in_70per,in_80per,in_90per,protocol,flows_num,flow_length_mean,flow_pkt_num_mean,flow_duration_mean,ip1,ip2,ip3,ip4,graph_id
0,"('213.180.204.62', 443)",52,52,52.0,0.0,0.0,0.0,0.0,-3.0,52.0,52.0,52.0,52.0,52.0,52.0,52.0,52.0,52.0,4,52,52,52.0,0.0,0.0,0.0,0.0,-3.0,52.0,52.0,52.0,52.0,52.0,52.0,52.0,52.0,52.0,8,52,52,52.0,0.0,0.0,0.0,0.0,-3.0,52.0,52.0,52.0,52.0,52.0,52.0,52.0,52.0,52.0,104.0,1.0,0.0,4,2.0,1,0.8352941176470589,0.7058823529411765,0.8,0.24313725490196078,0
1,"('87.250.255.11', 443)",52,52,52.0,0.0,0.0,0.0,0.0,-3.0,52.0,52.0,52.0,52.0,52.0,52.0,52.0,52.0,52.0,4,52,52,52.0,0.0,0.0,0.0,0.0,-3.0,52.0,52.0,52.0,52.0,52.0,52.0,52.0,52.0,52.0,8,52,52,52.0,0.0,0.0,0.0,0.0,-3.0,52.0,52.0,52.0,52.0,52.0,52.0,52.0,52.0,52.0,104.0,1.25,0.4330127018922193,4,2.0,1,0.3411764705882353,0.9803921568627451,1.0,0.043137254901960784,0
2,"('173.194.76.188', 5228)",78,78,78.0,0.0,0.0,0.0,0.0,-3.0,78.0,78.0,78.0,78.0,78.0,78.0,78.0,78.0,78.0,2,80,52,66.0,20.756431059078427,14.0,196.0,0.0,-2.0,54.800000000000004,57.6,60.4,63.2,66.0,68.8,71.6,74.4,77.2,3,80,52,70.0,2.965204437011204,12.754084313139327,162.66666666666666,-0.6940881680759781,-1.5,57.2,62.400000000000006,67.6,72.80000000000001,78.0,78.4,78.8,79.2,79.6,210.0,1.0,0.0,1,3.0,1,0.6784313725490196,0.7607843137254902,0.2980392156862745,0.7372549019607844,0
