,IP_port,complete_max,complete_min,complete_mean,complete_mad,complete_std,complete_var,complete_skew,complete_kurt,complete_pkt_num,complete_10per,complete_20per,complete_30per,complete_40per,complete_50per,complete_60per,complete_70per,complete_80per,complete_90per,out_max,out_min,out_mean,out_mad,out_std,out_var,out_skew,out_kurt,out_pkt_num,out_10per,out_20per,out_30per,out_40per,out_50per,out_60per,out_70per,out_80per,out_90per,in_max,in_min,in_mean,in_mad,in_std,in_var,in_skew,in_kurt,in_pkt_num,in_10per,in_20per,in_30per,in_40per,in_50per,in_60per,in_70per,in_80per,in_90per,protocol,flows_num,flow_length_mean,flow_pkt_num_mean,flow_duration_mean,ip1,ip2,ip3,ip4,graph_id
0,"('213.180.204.62', 443)",52,52,52.0,0.0,0.0,0.0,0.0,-3.0,52.0,52.0,52.0,52.0,52.0,52.0,52.0,52.0,52.0,4,52,52,52.0,0.0,0.0,0.0,0.0,-3.0,52.0,52.0,52.0,52.0,52.0,52.0,52.0,52.0,52.0,8,52,52,52.0,0.0,0.0,0.0,0.0,-3.0,52.0,52.0,52.0,52.0,52.0,52.0,52.0,52.0,52.0,104.0,2.25,1.299038105676658,4,2.0,1,0.8352941176470589,0.7058823529411765,0.8,0.24313725490196078,0
1,"('216.58.211.106', 443)",52,40,46.0,8.895613311033612,6.0,36.0,0.0,-2.0,41.2,42.4,43.6,44.8,46.0,47.2,48.4,49.6,50.800000000000004,2,75,52,63.5,17.049925512814422,11.5,132.25,0.0,-2.0,54.300000000000004,56.6,58.9,61.2,63.5,65.8,68.1,70.4,72.7,4,75,40,54.75,8.895613311033612,12.676257334087218,160.6875,0.6201930701857684,-0.9125180917939844,43.6,47.2,50.8,52.0,52.0,52.0,54.29999999999999,61.20000000000001,68.10000000000001,109.5,1.0,0.0,2,2.0,1,0.8470588235294118,0.22745098039215686,0.8274509803921568,0.41568627450980394,0
2,"('87.250.255.11', 443)",52,52,52.0,0.0,0.0,0.0,0.0,-3.0,52.0,52.0,52.0,52.0,52.0,52.0,52.0,52.0,52.0,4,52,52,52.0,0.0,0.0,0.0,0.0,-3.0,52.0,52.0,52.0,52.0,52.0,52.0,52.0,52.0,52.0,8,52,52,52.0,0.0,0.0,0.0,0.0,-3.0,52.0,52.0,52.0,52.0,52.0,52.0,52.0,52.0,52.0,104.0,1.0,0.0,4,2.0,1,0.3411764705882353,0.9803921568627451,1.0,0.043137254901960784,0
3,"('173.194.76.188', 5228)",78,52,65.0,19.273828840572826,13.0,169.0,0.0,-2.0,54.60000000000001,57.2,59.8,62.400000000000006,65.0,67.6,70.19999999999999,72.80000000000001,75.4,2,80,52,66.0,20.756431059078427,14.0,196.0,0.0,-2.0,54.800000000000004,57.6,60.4,63.2,66.0,68.8,71.6,74.4,77.2,4,80,52,65.5,19.273828840572826,13.518505834595775,182.75,0.008196698281515737,-1.9890785442799905,52.0,52.0,52.0,57.20000000000001,65.0,72.8,78.2,78.8,79.4,262.0,1.0,0.0,1,4.0,1,0.6784313725490196,0.7607843137254902,0.2980392156862745,0.7372549019607844,0
