,IP_port,complete_max,complete_min,complete_mean,complete_mad,complete_std,complete_var,complete_skew,complete_kurt,complete_pkt_num,complete_10per,complete_20per,complete_30per,complete_40per,complete_50per,complete_60per,complete_70per,complete_80per,complete_90per,out_max,out_min,out_mean,out_mad,out_std,out_var,out_skew,out_kurt,out_pkt_num,out_10per,out_20per,out_30per,out_40per,out_50per,out_60per,out_70per,out_80per,out_90per,in_max,in_min,in_mean,in_mad,in_std,in_var,in_skew,in_kurt,in_pkt_num,in_10per,in_20per,in_30per,in_40per,in_50per,in_60per,in_70per,in_80per,in_90per,protocol,flows_num,flow_length_mean,flow_pkt_num_mean,flow_duration_mean,ip1,ip2,ip3,ip4,graph_id
0,"('10.8.0.6', 32839)",52,52,52.0,0.0,0.0,0.0,0.0,-3.0,52.0,52.0,52.0,52.0,52.0,52.0,52.0,52.0,52.0,6,52,40,46.0,8.895613311033612,6.0,36.0,0.0,-2.0,40.0,40.0,40.0,40.0,46.0,52.0,52.0,52.0,52.0,9,52,40,48.0,0.0,5.656854249492381,32.0,-0.7071067811865475,-1.5,40.0,40.0,44.8,52.0,52.0,52.0,52.0,52.0,52.0,144.0,2.3333333333333335,1.247219128924647,3,3.0,1,0.0392156862745098,0.03137254901960784,0.0,0.023529411764705882,0
1,"('10.8.0.6', 32835)",52,52,52.0,0.0,0.0,0.0,0.0,-3.0,52.0,52.0,52.0,52.0,52.0,52.0,52.0,52.0,52.0,6,52,40,46.0,8.895613311033612,6.0,36.0,0.0,-2.0,40.0,40.0,40.0,40.0,46.0,52.0,52.0,52.0,52.0,9,52,40,48.0,0.0,5.656854249492381,32.0,-0.7071067811865475,-1.5,40.0,40.0,44.8,52.0,52.0,52.0,52.0,52.0,52.0,144.0,2.3333333333333335,1.247219128924647,3,3.0,1,0.0392156862745098,0.03137254901960784,0.0,0.023529411764705882,0
