,IP_port,complete_max,complete_min,complete_mean,complete_mad,complete_std,complete_var,complete_skew,complete_kurt,complete_pkt_num,complete_10per,complete_20per,complete_30per,complete_40per,complete_50per,complete_60per,complete_70per,complete_80per,complete_90per,out_max,out_min,out_mean,out_mad,out_std,out_var,out_skew,out_kurt,out_pkt_num,out_10per,out_20per,out_30per,out_40per,out_50per,out_60per,out_70per,out_80per,out_90per,in_max,in_min,in_mean,in_mad,in_std,in_var,in_skew,in_kurt,in_pkt_num,in_10per,in_20per,in_30per,in_40per,in_50per,in_60per,in_70per,in_80per,in_90per,protocol,flows_num,flow_length_mean,flow_pkt_num_mean,flow_duration_mean,ip1,ip2,ip3,ip4,graph_id
0,"('172.217.20.106', 443)",40,40,40.0,0.0,0.0,0.0,0.0,-3.0,40.0,40.0,40.0,40.0,40.0,40.0,40.0,40.0,40.0,4,75,52,63.5,17.049925512814422,11.5,132.25,0.0,-2.0,52.0,52.0,52.0,56.60000000000001,63.5,70.39999999999999,75.0,75.0,75.0,7,75,40,53.42857142857143,17.791226622067224,14.519515368310756,210.81632653061226,0.59762484127309,-1.2944040281551024,40.0,40.0,40.0,44.800000000000004,52.0,52.0,56.59999999999998,70.40000000000002,75.0,374.0,2.0,0.0,1,7.0,1,0.6745098039215687,0.8509803921568627,0.0784313725490196,0.41568627450980394,0
1,"('213.180.204.62', 443)",52,52,52.0,0.0,0.0,0.0,0.0,-3.0,52.0,52.0,52.0,52.0,52.0,52.0,52.0,52.0,52.0,4,52,52,52.0,0.0,0.0,0.0,0.0,-3.0,52.0,52.0,52.0,52.0,52.0,52.0,52.0,52.0,52.0,8,52,52,52.0,0.0,0.0,0.0,0.0,-3.0,52.0,52.0,52.0,52.0,52.0,52.0,52.0,52.0,52.0,138.66666666666666,3.0,1.4142135623730951,3,2.6666666666666665,1,0.8352941176470589,0.7058823529411765,0.8,0.24313725490196078,0
2,"('87.250.255.11', 443)",52,52,52.0,0.0,0.0,0.0,0.0,-3.0,52.0,52.0,52.0,52.0,52.0,52.0,52.0,52.0,52.0,4,52,52,52.0,0.0,0.0,0.0,0.0,-3.0,52.0,52.0,52.0,52.0,52.0,52.0,52.0,52.0,52.0,8,52,52,52.0,0.0,0.0,0.0,0.0,-3.0,52.0,52.0,52.0,52.0,52.0,52.0,52.0,52.0,52.0,104.0,1.5,0.5,4,2.0,1,0.3411764705882353,0.9803921568627451,1.0,0.043137254901960784,0
3,"('173.194.76.188', 5228)",78,78,78.0,0.0,0.0,0.0,0.0,-3.0,78.0,78.0,78.0,78.0,78.0,78.0,78.0,78.0,78.0,2,80,52,66.0,20.756431059078427,14.0,196.0,0.0,-2.0,54.800000000000004,57.6,60.4,63.2,66.0,68.8,71.6,74.4,77.2,3,80,52,70.0,2.965204437011204,12.754084313139327,162.66666666666666,-0.6940881680759781,-1.5,57.2,62.400000000000006,67.6,72.80000000000001,78.0,78.4,78.8,79.2,79.6,210.0,1.0,0.0,1,3.0,1,0.6784313725490196,0.7607843137254902,0.2980392156862745,0.7372549019607844,0
