,IP_port,complete_max,complete_min,complete_mean,complete_mad,complete_std,complete_var,complete_skew,complete_kurt,complete_pkt_num,complete_10per,complete_20per,complete_30per,complete_40per,complete_50per,complete_60per,complete_70per,complete_80per,complete_90per,out_max,out_min,out_mean,out_mad,out_std,out_var,out_skew,out_kurt,out_pkt_num,out_10per,out_20per,out_30per,out_40per,out_50per,out_60per,out_70per,out_80per,out_90per,in_max,in_min,in_mean,in_mad,in_std,in_var,in_skew,in_kurt,in_pkt_num,in_10per,in_20per,in_30per,in_40per,in_50per,in_60per,in_70per,in_80per,in_90per,protocol,flows_num,flow_length_mean,flow_pkt_num_mean,flow_duration_mean,ip1,ip2,ip3,ip4,graph_id
0,"('213.180.204.62', 443)",52,52,52.0,0.0,0.0,0.0,0.0,-3.0,52.0,52.0,52.0,52.0,52.0,52.0,52.0,52.0,52.0,4,52,52,52.0,0.0,0.0,0.0,0.0,-3.0,52.0,52.0,52.0,52.0,52.0,52.0,52.0,52.0,52.0,8,52,52,52.0,0.0,0.0,0.0,0.0,-3.0,52.0,52.0,52.0,52.0,52.0,52.0,52.0,52.0,52.0,104.0,1.25,0.4330127018922193,4,2.0,1,0.8352941176470589,0.7058823529411765,0.8,0.24313725490196078,0
1,"('74.125.143.188', 5228)",77,64,70.5,9.636914420286413,6.5,42.25,0.0,-2.0,65.3,66.60000000000001,67.89999999999999,69.2,70.5,71.8,73.1,74.4,75.69999999999999,3,79,52,70.0,0.0,12.727922061357855,162.0,-0.7071067811865476,-1.5,57.400000000000006,62.8,68.2,73.6,79.0,79.0,79.0,79.0,79.0,5,79,52,70.2,2.965204437011204,10.684568311354464,114.16000000000001,-0.7525343393112003,-1.0766612369612174,56.8,61.6,66.6,71.80000000000001,77.0,77.80000000000001,78.6,79.0,79.0,351.0,1.0,0.0,1,5.0,1,0.2901960784313726,0.49019607843137253,0.5607843137254902,0.7372549019607844,0
2,"('87.250.255.11', 443)",52,52,52.0,0.0,0.0,0.0,0.0,-3.0,52.0,52.0,52.0,52.0,52.0,52.0,52.0,52.0,52.0,4,52,52,52.0,0.0,0.0,0.0,0.0,-3.0,52.0,52.0,52.0,52.0,52.0,52.0,52.0,52.0,52.0,8,52,52,52.0,0.0,0.0,0.0,0.0,-3.0,52.0,52.0,52.0,52.0,52.0,52.0,52.0,52.0,52.0,104.0,2.5,1.5,4,2.0,1,0.3411764705882353,0.9803921568627451,1.0,0.043137254901960784,0
