,IP_port,complete_max,complete_min,complete_mean,complete_mad,complete_std,complete_var,complete_skew,complete_kurt,complete_pkt_num,complete_10per,complete_20per,complete_30per,complete_40per,complete_50per,complete_60per,complete_70per,complete_80per,complete_90per,out_max,out_min,out_mean,out_mad,out_std,out_var,out_skew,out_kurt,out_pkt_num,out_10per,out_20per,out_30per,out_40per,out_50per,out_60per,out_70per,out_80per,out_90per,in_max,in_min,in_mean,in_mad,in_std,in_var,in_skew,in_kurt,in_pkt_num,in_10per,in_20per,in_30per,in_40per,in_50per,in_60per,in_70per,in_80per,in_90per,protocol,flows_num,flow_length_mean,flow_pkt_num_mean,flow_duration_mean,ip1,ip2,ip3,ip4,graph_id
0,"('213.180.204.62', 443)",52,52,52.0,0.0,0.0,0.0,0.0,-3.0,52.0,52.0,52.0,52.0,52.0,52.0,52.0,52.0,52.0,4,52,52,52.0,0.0,0.0,0.0,0.0,-3.0,52.0,52.0,52.0,52.0,52.0,52.0,52.0,52.0,52.0,8,52,52,52.0,0.0,0.0,0.0,0.0,-3.0,52.0,52.0,52.0,52.0,52.0,52.0,52.0,52.0,52.0,104.0,1.25,0.4330127018922193,4,2.0,1,0.8352941176470589,0.7058823529411765,0.8,0.24313725490196078,0
1,"('74.125.143.188', 5228)",77,52,64.5,18.532527731320023,12.5,156.25,0.0,-2.0,54.50000000000001,57.0,59.5,62.0,64.5,67.0,69.5,72.0,74.5,2,79,52,65.5,20.015129949825628,13.5,182.25,0.0,-2.0,54.7,57.400000000000006,60.099999999999994,62.8,65.5,68.2,70.9,73.6,76.30000000000001,4,79,52,65.0,18.532527731320023,13.019216566291536,169.5,0.008836495437480878,-1.9882266948599472,52.0,52.0,52.0,57.00000000000001,64.5,72.0,77.2,77.80000000000001,78.4,260.0,1.0,0.0,1,4.0,1,0.2901960784313726,0.49019607843137253,0.5607843137254902,0.7372549019607844,0
2,"('87.250.255.11', 443)",52,52,52.0,0.0,0.0,0.0,0.0,-3.0,52.0,52.0,52.0,52.0,52.0,52.0,52.0,52.0,52.0,3,52,52,52.0,0.0,0.0,0.0,0.0,-3.0,52.0,52.0,52.0,52.0,52.0,52.0,52.0,52.0,52.0,6,52,52,52.0,0.0,0.0,0.0,0.0,-3.0,52.0,52.0,52.0,52.0,52.0,52.0,52.0,52.0,52.0,104.0,2.0,1.4142135623730951,3,2.0,1,0.3411764705882353,0.9803921568627451,1.0,0.043137254901960784,0
