,IP_port,complete_max,complete_min,complete_mean,complete_mad,complete_std,complete_var,complete_skew,complete_kurt,complete_pkt_num,complete_10per,complete_20per,complete_30per,complete_40per,complete_50per,complete_60per,complete_70per,complete_80per,complete_90per,out_max,out_min,out_mean,out_mad,out_std,out_var,out_skew,out_kurt,out_pkt_num,out_10per,out_20per,out_30per,out_40per,out_50per,out_60per,out_70per,out_80per,out_90per,in_max,in_min,in_mean,in_mad,in_std,in_var,in_skew,in_kurt,in_pkt_num,in_10per,in_20per,in_30per,in_40per,in_50per,in_60per,in_70per,in_80per,in_90per,protocol,flows_num,flow_length_mean,flow_pkt_num_mean,flow_duration_mean,ip1,ip2,ip3,ip4,graph_id
0,"('213.180.204.62', 443)",52,52,52.0,0.0,0.0,0.0,0.0,-3.0,52.0,52.0,52.0,52.0,52.0,52.0,52.0,52.0,52.0,4,52,52,52.0,0.0,0.0,0.0,0.0,-3.0,52.0,52.0,52.0,52.0,52.0,52.0,52.0,52.0,52.0,8,52,52,52.0,0.0,0.0,0.0,0.0,-3.0,52.0,52.0,52.0,52.0,52.0,52.0,52.0,52.0,52.0,104.0,1.5,0.5,4,2.0,1,0.8352941176470589,0.7058823529411765,0.8,0.24313725490196078,0
1,"('172.217.17.42', 443)",52,40,46.0,8.895613311033612,6.0,36.0,0.0,-2.0,40.0,40.0,40.0,40.0,46.0,52.0,52.0,52.0,52.0,6,75,52,61.666666666666664,8.895613311033612,10.338708279513881,106.88888888888887,0.30820264004653936,-1.6953570394318829,52.0,52.0,52.0,52.0,58.0,64.0,69.5,75.0,75.0,12,75,40,53.833333333333336,8.895613311033612,11.524129275375019,132.80555555555554,0.6555122254273944,-0.5333249977983603,40.0,42.400000000000006,52.0,52.0,52.0,52.0,52.0,61.60000000000001,73.9,323.0,1.5,0.5,2,6.0,1,0.6745098039215687,0.8509803921568627,0.06666666666666667,0.16470588235294117,0
2,"('87.250.255.11', 443)",52,52,52.0,0.0,0.0,0.0,0.0,-3.0,52.0,52.0,52.0,52.0,52.0,52.0,52.0,52.0,52.0,4,52,52,52.0,0.0,0.0,0.0,0.0,-3.0,52.0,52.0,52.0,52.0,52.0,52.0,52.0,52.0,52.0,8,52,52,52.0,0.0,0.0,0.0,0.0,-3.0,52.0,52.0,52.0,52.0,52.0,52.0,52.0,52.0,52.0,104.0,2.0,0.0,4,2.0,1,0.3411764705882353,0.9803921568627451,1.0,0.043137254901960784,0
