,IP_port,complete_max,complete_min,complete_mean,complete_mad,complete_std,complete_var,complete_skew,complete_kurt,complete_pkt_num,complete_10per,complete_20per,complete_30per,complete_40per,complete_50per,complete_60per,complete_70per,complete_80per,complete_90per,out_max,out_min,out_mean,out_mad,out_std,out_var,out_skew,out_kurt,out_pkt_num,out_10per,out_20per,out_30per,out_40per,out_50per,out_60per,out_70per,out_80per,out_90per,in_max,in_min,in_mean,in_mad,in_std,in_var,in_skew,in_kurt,in_pkt_num,in_10per,in_20per,in_30per,in_40per,in_50per,in_60per,in_70per,in_80per,in_90per,protocol,flows_num,flow_length_mean,flow_pkt_num_mean,flow_duration_mean,ip1,ip2,ip3,ip4,graph_id
0,"('74.125.143.188', 5228)",77,77,77.0,0.0,0.0,0.0,0.0,-3.0,77.0,77.0,77.0,77.0,77.0,77.0,77.0,77.0,77.0,2,79,52,65.5,20.015129949825628,13.5,182.25,0.0,-2.0,54.7,57.400000000000006,60.099999999999994,62.8,65.5,68.2,70.9,73.6,76.30000000000001,3,79,52,69.33333333333333,2.965204437011204,12.283683848458853,150.88888888888889,-0.6930738653394376,-1.5000000000000009,57.0,62.0,67.0,72.0,77.0,77.4,77.80000000000001,78.2,78.6,208.0,1.0,0.0,1,3.0,1,0.2901960784313726,0.49019607843137253,0.5607843137254902,0.7372549019607844,0
1,"('208.67.222.222', 53)",227,127,177.0,74.13011092528009,50.0,2500.0,0.0,-2.0,137.0,147.0,157.0,167.0,177.0,187.0,197.0,207.00000000000003,217.0,2,65,65,65.0,0.0,0.0,0.0,0.0,-3.0,65.0,65.0,65.0,65.0,65.0,65.0,65.0,65.0,65.0,4,227,65,121.0,45.96066877367366,66.2268827591938,4386.0,0.7229634699425366,-1.1036802211738257,65.0,65.0,65.0,77.4,96.0,114.6,136.99999999999994,167.00000000000006,197.0,484.0,1.0,0.0,1,4.0,1,0.8156862745098039,0.2627450980392157,0.8705882352941177,0.8705882352941177,0
2,"('172.217.20.74', 443)",1398,40,237.38888888888889,25.204237714595234,362.4385218195845,131361.68209876542,2.0995081350131564,3.483899331641541,46.0,52.0,52.0,52.0,69.0,78.0,78.0,536.0,640.0,38,1398,52,288.7105263157895,17.791226622067224,463.9781022450099,215275.67936288085,1.827188386056878,1.5211881485369005,52.0,52.0,52.0,58.400000000000006,64.0,66.19999999999999,119.29999999999995,250.0,1392.4,74,1398,40,263.7432432432432,17.791226622067224,418.4622447631137,175110.6502921841,1.9866240729375748,2.444211702024803,52.0,52.0,52.0,52.0,64.0,78.0,95.0,310.4000000000009,1033.9,6505.666666666667,1.3333333333333333,0.4714045207910317,3,24.666666666666668,1,0.6745098039215687,0.8509803921568627,0.0784313725490196,0.2901960784313726,0
