,IP_port,complete_max,complete_min,complete_mean,complete_mad,complete_std,complete_var,complete_skew,complete_kurt,complete_pkt_num,complete_10per,complete_20per,complete_30per,complete_40per,complete_50per,complete_60per,complete_70per,complete_80per,complete_90per,out_max,out_min,out_mean,out_mad,out_std,out_var,out_skew,out_kurt,out_pkt_num,out_10per,out_20per,out_30per,out_40per,out_50per,out_60per,out_70per,out_80per,out_90per,in_max,in_min,in_mean,in_mad,in_std,in_var,in_skew,in_kurt,in_pkt_num,in_10per,in_20per,in_30per,in_40per,in_50per,in_60per,in_70per,in_80per,in_90per,protocol,flows_num,flow_length_mean,flow_pkt_num_mean,flow_duration_mean,ip1,ip2,ip3,ip4,graph_id
0,"('213.180.204.62', 443)",52,52,52.0,0.0,0.0,0.0,0.0,-3.0,52.0,52.0,52.0,52.0,52.0,52.0,52.0,52.0,52.0,4,52,52,52.0,0.0,0.0,0.0,0.0,-3.0,52.0,52.0,52.0,52.0,52.0,52.0,52.0,52.0,52.0,8,52,52,52.0,0.0,0.0,0.0,0.0,-3.0,52.0,52.0,52.0,52.0,52.0,52.0,52.0,52.0,52.0,104.0,1.75,0.4330127018922193,4,2.0,1,0.8352941176470589,0.7058823529411765,0.8,0.24313725490196078,0
1,"('172.217.17.74', 443)",52,40,49.0,0.0,5.196152422706632,27.0,-1.1547005383792515,-0.6666666666666665,43.6,47.2,50.8,52.0,52.0,52.0,52.0,52.0,52.0,3,75,64,67.66666666666667,0.0,5.185449728701348,26.888888888888886,0.7071067811865449,-1.5000000000000022,64.0,64.0,64.0,64.0,64.0,66.2,68.4,70.6,72.8,7,75,40,57.0,17.791226622067224,10.596495377515827,112.28571428571429,0.1476795336978732,-0.788561272653109,47.2,52.0,52.0,52.0,52.0,59.199999999999996,64.0,64.0,68.4,199.5,1.5,0.5,2,3.5,1,0.6745098039215687,0.8509803921568627,0.06666666666666667,0.2901960784313726,0
2,"('87.250.255.11', 443)",52,52,52.0,0.0,0.0,0.0,0.0,-3.0,52.0,52.0,52.0,52.0,52.0,52.0,52.0,52.0,52.0,4,52,52,52.0,0.0,0.0,0.0,0.0,-3.0,52.0,52.0,52.0,52.0,52.0,52.0,52.0,52.0,52.0,8,52,52,52.0,0.0,0.0,0.0,0.0,-3.0,52.0,52.0,52.0,52.0,52.0,52.0,52.0,52.0,52.0,104.0,1.0,0.0,4,2.0,1,0.3411764705882353,0.9803921568627451,1.0,0.043137254901960784,0
